Workbook

Sheet Основная_таблица
A1: Дата | B1: Транзакция | C1: Кол-во | D1: День нед.
A2: 2024-10-01 00 | B2: PutIssue | C2: 156 | D2: =CHOOSE(WEEKDAY(DATE(VALUE(LEFT(A2,4)),VALUE(MID(A2,6,2)),VALUE(MID(A2,9,2))),2),"Пн","Вт","Ср","Чт","Пт","Сб","Вс") -> Вт
A3: 2024-10-01 01 | B3: MoveIssue | C3: 237 | D3: =CHOOSE(WEEKDAY(DATE(VALUE(LEFT(A3,4)),VALUE(MID(A3,6,2)),VALUE(MID(A3,9,2))),2),"Пн","Вт","Ср","Чт","Пт","Сб","Вс") -> Вт
A4: 2024-10-01 02 | B4: RenameIssue | C4: 191 | D4: =CHOOSE(WEEKDAY(DATE(VALUE(LEFT(A4,4)),VALUE(MID(A4,6,2)),VALUE(MID(A4,9,2))),2),"Пн","Вт","Ср","Чт","Пт","Сб","Вс") -> Вт
A5: 2024-10-01 03 | B5: CloseIssue | C5: 296 | D5: =CHOOSE(WEEKDAY(DATE(VALUE(LEFT(A5,4)),VALUE(MID(A5,6,2)),VALUE(MID(A5,9,2))),2),"Пн","Вт","Ср","Чт","Пт","Сб","Вс") -> Вт
A6: 2024-10-01 04 | B6: GetIssue | C6: 42 | D6: =CHOOSE(WEEKDAY(DATE(VALUE(LEFT(A6,4)),VALUE(MID(A6,6,2)),VALUE(MID(A6,9,2))),2),"Пн","Вт","Ср","Чт","Пт","Сб","Вс") -> Вт
A7: 2024-10-01 05 | B7: InspectIssue | C7: 64 | D7: =CHOOSE(WEEKDAY(DATE(VALUE(LEFT(A7,4)),VALUE(MID(A7,6,2)),VALUE(MID(A7,9,2))),2),"Пн","Вт","Ср","Чт","Пт","Сб","Вс") -> Вт
A8: 2024-10-01 06 | B8: UpdateIssue | C8: 639 | D8: =CHOOSE(WEEKDAY(DATE(VALUE(LEFT(A8,4)),VALUE(MID(A8,6,2)),VALUE(MID(A8,9,2))),2),"Пн","Вт","Ср","Чт","Пт","Сб","Вс") -> Вт
A9: 2024-10-01 07 | B9: DeleteIssue | C9: 472 | D9: =CHOOSE(WEEKDAY(DATE(VALUE(LEFT(A9,4)),VALUE(MID(A9,6,2)),VALUE(MID(A9,9,2))),2),"Пн","Вт","Ср","Чт","Пт","Сб","Вс") -> Вт
A10: 2024-10-01 08 | B10: CreateIssue | C10: 422 | D10: =CHOOSE(WEEKDAY(DATE(VALUE(LEFT(A10,4)),VALUE(MID(A10,6,2)),VALUE(MID(A10,9,2))),2),"Пн","Вт","Ср","Чт","Пт","Сб","Вс") -> Вт
A11: 2024-10-01 09 | B11: SaveIssue | C11: 319 | D11: =CHOOSE(WEEKDAY(DATE(VALUE(LEFT(A11,4)),VALUE(MID(A11,6,2)),VALUE(MID(A11,9,2))),2),"Пн","Вт","Ср","Чт","Пт","Сб","Вс") -> Вт
A12: 2024-10-01 10 | B12: PutIssue | C12: 102 | D12: =CHOOSE(WEEKDAY(DATE(VALUE(LEFT(A12,4)),VALUE(MID(A12,6,2)),VALUE(MID(A12,9,2))),2),"Пн","Вт","Ср","Чт","Пт","Сб","Вс") -> Вт
A13: 2024-10-01 11 | B13: MoveIssue | C13: 580 | D13: =CHOOSE(WEEKDAY(DATE(VALUE(LEFT(A13,4)),VALUE(MID(A13,6,2)),VALUE(MID(A13,9,2))),2),"Пн","Вт","Ср","Чт","Пт","Сб","Вс") -> Вт
... A750: 2024-10-31 23 | B750: GetIssue | C750: 273 | D750: =CHOOSE(WEEKDAY(DATE(VALUE(LEFT(A750,4)),VALUE(MID(A750,6,2)),VALUE(MID(A750,9,2))),2),"Пн","Вт","Ср","Чт","Пт","Сб","Вс") -> Чт

Sheet Таблица_без_выходных
A1: Дата | B1: Время | C1: Транзакция | D1: Кол-во
A2: 2024-10-01 00 | B2: =TIME(VALUE(RIGHT(A2,2)),0,0) -> 0 | C2: PutIssue | D2: 156
A3: 2024-10-01 01 | B3: =TIME(VALUE(RIGHT(A3,2)),0,0) -> 0.041666667 | C3: MoveIssue | D3: 237
A4: 2024-10-01 02 | B4: =TIME(VALUE(RIGHT(A4,2)),0,0) -> 0.083333333 | C4: RenameIssue | D4: 191
A5: 2024-10-01 03 | B5: =TIME(VALUE(RIGHT(A5,2)),0,0) -> 0.125 | C5: CloseIssue | D5: 296
A6: 2024-10-01 04 | B6: =TIME(VALUE(RIGHT(A6,2)),0,0) -> 0.16666667 | C6: GetIssue | D6: 42
A7: 2024-10-01 05 | B7: =TIME(VALUE(RIGHT(A7,2)),0,0) -> 0.20833333 | C7: InspectIssue | D7: 64
A8: 2024-10-01 06 | B8: =TIME(VALUE(RIGHT(A8,2)),0,0) -> 0.25 | C8: UpdateIssue | D8: 639
A9: 2024-10-01 07 | B9: =TIME(VALUE(RIGHT(A9,2)),0,0) -> 0.29166667 | C9: DeleteIssue | D9: 472
A10: 2024-10-01 08 | B10: =TIME(VALUE(RIGHT(A10,2)),0,0) -> 0.33333333 | C10: CreateIssue | D10: 422
A11: 2024-10-01 09 | B11: =TIME(VALUE(RIGHT(A11,2)),0,0) -> 0.375 | C11: SaveIssue | D11: 319
A12: 2024-10-01 10 | B12: =TIME(VALUE(RIGHT(A12,2)),0,0) -> 0.41666667 | C12: PutIssue | D12: 102
A13: 2024-10-01 11 | B13: =TIME(VALUE(RIGHT(A13,2)),0,0) -> 0.45833333 | C13: MoveIssue | D13: 580
... A558: 2024-10-31 23 | B558: =TIME(VALUE(RIGHT(A558,2)),0,0) -> 0.95833333 | C558: GetIssue | D558: 273
C559: Итого | D559: =SUM(D2:D558) -> 186183

Sheet Сводная_таблица_по_часам
A1: Названия строк | B1: Сумма по полю Кол-во
A2: 2024-10-01 00 | B2: 156
A3: 2024-10-01 01 | B3: 237
A4: 2024-10-01 02 | B4: 191
A5: 2024-10-01 03 | B5: 296
A6: 2024-10-01 04 | B6: 42
A7: 2024-10-01 05 | B7: 64
A8: 2024-10-01 06 | B8: 639
A9: 2024-10-01 07 | B9: 472
A10: 2024-10-01 08 | B10: 422
A11: 2024-10-01 09 | B11: 319
A12: 2024-10-01 10 | B12: 102
A13: 2024-10-01 11 | B13: 580
... A554: Общий итог | B554: 186183

Sheet Сводная_таблица_поиска_ЧПН
A1: Названия строк | B1: Сумма по полю Кол-во
A2: 0.70833333 | B2: 8568 | C2: ЧАС ПИКОВОЙ НАГРУЗКИ
A3: 0.16666667 | B3: 8287
A4: 0.95833333 | B4: 8210
A5: 0.29166667 | B5: 8197
A6: 0.875 | B6: 8158
A7: 0.33333333 | B7: 8133
A8: 0.041666667 | B8: 8063
A9: 0.25 | B9: 8037
A10: 0.375 | B10: 7993
A11: 0.75 | B11: 7973
A12: 0 | B12: 7915
A13: 0.58333333 | B13: 7910
A14: 0.5 | B14: 7897
... A25: 0.20833333 | B25: 6338
A26: Общий итог | B26: 186183

Sheet Таблица_операций_в_ЧПН
A1: Дата | B1: Транзакция | C1: Кол-во
A2: 2024-10-01 17 | B2: DeleteIssue | C2: 582
A3: 2024-10-02 17 | B3: MoveIssue | C3: 444
A4: 2024-10-03 17 | B4: UpdateIssue | C4: 385
A5: 2024-10-04 17 | B5: UpdateIssue | C5: 608
A6: 2024-10-07 17 | B6: CreateIssue | C6: 256
A7: 2024-10-08 17 | B7: RenameIssue | C7: 426
A8: 2024-10-09 17 | B8: UpdateIssue | C8: 77
A9: 2024-10-10 17 | B9: PutIssue | C9: 533
A10: 2024-10-11 17 | B10: GetIssue | C10: 634
A11: 2024-10-14 17 | B11: UpdateIssue | C11: 452
A12: 2024-10-15 17 | B12: PutIssue | C12: 75
A13: 2024-10-16 17 | B13: GetIssue | C13: 643
... A24: 2024-10-31 17 | B24: CreateIssue | C24: 136

Sheet Сводная_таблица_операций_в_ЧПН
A1: Названия строк | B1: Сумма по полю Кол-во
A2: GetIssue | B2: 1917 | C2: 4 самые высоконагруженные операции
A3: UpdateIssue | B3: 1522
A4: DeleteIssue | B4: 1070
A5: CreateIssue | B5: 1059
A6: RenameIssue | B6: 787
A7: CloseIssue | B7: 750
A8: PutIssue | B8: 608
A9: MoveIssue | B9: 444
A10: SaveIssue | B10: 411
A11: Общий итог | B11: 8568

Sheet Таблица_с_интенсивностью
A1: Транзакция | B1: Кол-во | C1: Интенсивность операций в час | D1: % от общего числа всех операций | E1: Количество рабочих дней: | H1: 23
A2: GetIssue | B2: 1917 | C2: =B2/$H$1 -> 83.347826 | D2: =(B2/$H$2)*100 -> 1.0296321 | E2: Общее число операций: | H2: =GETPIVOTDATA("Кол-во",Сводная_таблица_поиска_ЧПН!$A$1) -> 186183
A3: UpdateIssue | B3: 1522 | C3: =B3/$H$1 -> 66.173913 | D3: =(B3/$H$2)*100 -> 0.81747528
A4: DeleteIssue | B4: 1070 | C4: =B4/$H$1 -> 46.521739 | D4: =(B4/$H$2)*100 -> 0.57470338
A5: CreateIssue | B5: 1059 | C5: =B5/$H$1 -> 46.043478 | D5: =(B5/$H$2)*100 -> 0.56879522
A6: RenameIssue | B6: 787 | C6: =B6/$H$1 -> 34.217391 | D6: =(B6/$H$2)*100 -> 0.42270239
A7: CloseIssue | B7: 750 | C7: =B7/$H$1 -> 32.608696 | D7: =(B7/$H$2)*100 -> 0.40282947
A8: PutIssue | B8: 608 | C8: =B8/$H$1 -> 26.434783 | D8: =(B8/$H$2)*100 -> 0.32656043
A9: MoveIssue | B9: 444 | C9: =B9/$H$1 -> 19.304348 | D9: =(B9/$H$2)*100 -> 0.23847505
A10: SaveIssue | B10: 411 | C10: =B10/$H$1 -> 17.869565 | D10: =(B10/$H$2)*100 -> 0.22075055

Sheet Сводная_таблица_транзакций
A1: Названия строк | B1: Сумма по полю Кол-во
A2: CloseIssue | B2: 21623
A3: CreateIssue | B3: 18095
A4: DeleteIssue | B4: 18016
A5: GetIssue | B5: 16452
A6: InspectIssue | B6: 18000
A7: MoveIssue | B7: 18985
A8: PutIssue | B8: 17512
A9: RenameIssue | B9: 19758
A10: SaveIssue | B10: 18828
A11: UpdateIssue | B11: 18914
A12: Общий итог | B12: 186183

Sheet Таблица_топ-4
A1: Транзакция | B1: Кол-во | C1: Интенсивность операций в час | D1: % от общего числа операций в ЧПН | E1: Общее кол-во транзакций прошедших за полный месяц | F1: Общее число операций в ЧПН | G1: =GETPIVOTDATA("Кол-во",Сводная_таблица_операций_в_ЧПН!$A$1) -> 8568
A2: GetIssue | B2: 1917 | C2: =B2/Таблица_с_интенсивностью!$H$1 -> 83.347826 | D2: =(B2/$G$1)*100 -> 22.37395 | E2: =GETPIVOTDATA("Кол-во",Сводная_таблица_транзакций!$A$1,"Транзакция","GetIssue") -> 16452
A3: UpdateIssue | B3: 1522 | C3: =B3/Таблица_с_интенсивностью!$H$1 -> 66.173913 | D3: =(B3/$G$1)*100 -> 17.763772 | E3: =GETPIVOTDATA("Кол-во",Сводная_таблица_транзакций!$A$1,"Транзакция","UpdateIssue") -> 18914
A4: DeleteIssue | B4: 1070 | C4: =B4/Таблица_с_интенсивностью!$H$1 -> 46.521739 | D4: =(B4/$G$1)*100 -> 12.488329 | E4: =GETPIVOTDATA("Кол-во",Сводная_таблица_транзакций!$A$1,"Транзакция","DeleteIssue") -> 18016
A5: CreateIssue | B5: 1059 | C5: =B5/Таблица_с_интенсивностью!$H$1 -> 46.043478 | D5: =(B5/$G$1)*100 -> 12.359944 | E5: =GETPIVOTDATA("Кол-во",Сводная_таблица_транзакций!$A$1,"Транзакция","CreateIssue") -> 18095

Sheet Сравнение_топ4_текущ_предыдущ
A1: Транзакция | B1: Кол-во | C1: Интенсивность операций в час | D1: % от общего числа операций в ЧПН | E1: Интенсивность операций в час | F1: % от общего числа операций в ЧПН | G1: Общее число операций в ЧПН | H1: =GETPIVOTDATA("Кол-во",Сводная_таблица_операций_в_ЧПН!$A$1) -> 8568
A2: GetIssue | B2: 1917 | C2: =B2/Таблица_с_интенсивностью!$H$1 -> 83.347826 | D2: =(B2/$H$1)*100 -> 22.37395 | E2: 80 | F2: 37
A3: UpdateIssue | B3: 1522 | C3: =B3/Таблица_с_интенсивностью!$H$1 -> 66.173913 | D3: =(B3/$H$1)*100 -> 17.763772 | E3: 55 | F3: 25
A4: DeleteIssue | B4: 1070 | C4: =B4/Таблица_с_интенсивностью!$H$1 -> 46.521739 | D4: =(B4/$H$1)*100 -> 12.488329 | E4: 45 | F4: 21
A5: CreateIssue | B5: 1059 | C5: =B5/Таблица_с_интенсивностью!$H$1 -> 46.043478 | D5: =(B5/$H$1)*100 -> 12.359944 | E5: 36 | F5: 17
C6: Текущий релиз | E6: Предыдущий релиз

Sheet Итоговый_профиль_нагрузки
A1: Транзакция | B1: Кол-во | C1: Интенсивность операций в час | D1: % от общего числа операций в ЧПН | E1: % отклонения от предыдущего релиза | F1: Общее число операций в ЧПН | G1: =GETPIVOTDATA("Кол-во",Сводная_таблица_операций_в_ЧПН!$A$1) -> 8568
A2: GetIssue | B2: 1917 | C2: =B2/Таблица_с_интенсивностью!$H$1 -> 83.347826 | D2: =(B2/$G$1)*100 -> 22.37395 | E2: =(C2/Сравнение_топ4_текущ_предыдущ!E2-1)*100 -> 4.1847826
A3: UpdateIssue | B3: 1522 | C3: =B3/Таблица_с_интенсивностью!$H$1 -> 66.173913 | D3: =(B3/$G$1)*100 -> 17.763772 | E3: =(C3/Сравнение_топ4_текущ_предыдущ!E3-1)*100 -> 20.316206
A4: DeleteIssue | B4: 1070 | C4: =B4/Таблица_с_интенсивностью!$H$1 -> 46.521739 | D4: =(B4/$G$1)*100 -> 12.488329 | E4: =(C4/Сравнение_топ4_текущ_предыдущ!E4-1)*100 -> 3.3816425
A5: CreateIssue | B5: 1059 | C5: =B5/Таблица_с_интенсивностью!$H$1 -> 46.043478 | D5: =(B5/$G$1)*100 -> 12.359944 | E5: =(C5/Сравнение_топ4_текущ_предыдущ!E5-1)*100 -> 27.898551
